slug,url
talens,https://www.hakikatkirtasiye.com/marka/talens
art-creation,https://www.hakikatkirtasiye.com/marka/art-creation
bigpoint,https://www.hakikatkirtasiye.com/marka/bigpoint
winsor-newton,https://www.hakikatkirtasiye.com/marka/winsor-newton
amsterdam,https://www.hakikatkirtasiye.com/marka/amsterdam
pebeo,https://www.hakikatkirtasiye.com/marka/pebeo
hakikat-yayincilik,https://www.hakikatkirtasiye.com/marka/hakikat-yayincilik
maries,https://www.hakikatkirtasiye.com/marka/maries
galeria,https://www.hakikatkirtasiye.com/marka/galeria
cadence,https://www.hakikatkirtasiye.com/marka/cadence
letraset-promarker,https://www.hakikatkirtasiye.com/marka/letraset-promarker
rich,https://www.hakikatkirtasiye.com/marka/rich
koza,https://www.hakikatkirtasiye.com/marka/koza
kobra,https://www.hakikatkirtasiye.com/marka/kobra
sudor,https://www.hakikatkirtasiye.com/marka/sudor
artdeco,https://www.hakikatkirtasiye.com/marka/artdeco
artebella,https://www.hakikatkirtasiye.com/marka/artebella
daler-rowney,https://www.hakikatkirtasiye.com/marka/daler-rowney
van-gogh-1,https://www.hakikatkirtasiye.com/marka/van-gogh-1
rembrandt,https://www.hakikatkirtasiye.com/marka/rembrandt
schmincke,https://www.hakikatkirtasiye.com/marka/schmincke
faber-castell,https://www.hakikatkirtasiye.com/marka/faber-castell
derwent,https://www.hakikatkirtasiye.com/marka/derwent
lyra,https://www.hakikatkirtasiye.com/marka/lyra
koh-i-noor,https://www.hakikatkirtasiye.com/marka/koh-i-noor
bruynzeel,https://www.hakikatkirtasiye.com/marka/bruynzeel
cernit,https://www.hakikatkirtasiye.com/marka/cernit
be-creative,https://www.hakikatkirtasiye.com/marka/be-creative
zig,https://www.hakikatkirtasiye.com/marka/zig
tinge,https://www.hakikatkirtasiye.com/marka/tinge
touch,https://www.hakikatkirtasiye.com/marka/touch
canson,https://www.hakikatkirtasiye.com/marka/canson
alex-scholler,https://www.hakikatkirtasiye.com/marka/alex-scholler
clairefontaine,https://www.hakikatkirtasiye.com/marka/clairefontaine
lutart,https://www.hakikatkirtasiye.com/marka/lutart
st-petersburg,https://www.hakikatkirtasiye.com/marka/st-petersburg
mungyo,https://www.hakikatkirtasiye.com/marka/mungyo
pentel,https://www.hakikatkirtasiye.com/marka/pentel
sakura,https://www.hakikatkirtasiye.com/marka/sakura
vincent,https://www.hakikatkirtasiye.com/marka/vincent
mikro,https://www.hakikatkirtasiye.com/marka/mikro
uni-posca,https://www.hakikatkirtasiye.com/marka/uni-posca
art-design,https://www.hakikatkirtasiye.com/marka/art-design
habico,https://www.hakikatkirtasiye.com/marka/habico
da-vinci,https://www.hakikatkirtasiye.com/marka/da-vinci
fanart,https://www.hakikatkirtasiye.com/marka/fanart
kuytu,https://www.hakikatkirtasiye.com/marka/kuytu
deka-1,https://www.hakikatkirtasiye.com/marka/deka-1
vox,https://www.hakikatkirtasiye.com/marka/vox
akyazi,https://www.hakikatkirtasiye.com/marka/akyazi
playdoh,https://www.hakikatkirtasiye.com/marka/playdoh
pritt,https://www.hakikatkirtasiye.com/marka/pritt
bic,https://www.hakikatkirtasiye.com/marka/bic
giotto,https://www.hakikatkirtasiye.com/marka/giotto
maped,https://www.hakikatkirtasiye.com/marka/maped
helix,https://www.hakikatkirtasiye.com/marka/helix
hatas,https://www.hakikatkirtasiye.com/marka/hatas
rotring,https://www.hakikatkirtasiye.com/marka/rotring
lutek,https://www.hakikatkirtasiye.com/marka/lutek
cassa,https://www.hakikatkirtasiye.com/marka/cassa
conda,https://www.hakikatkirtasiye.com/marka/conda
yildizlar,https://www.hakikatkirtasiye.com/marka/yildizlar
stabilo,https://www.hakikatkirtasiye.com/marka/stabilo
mas,https://www.hakikatkirtasiye.com/marka/mas
tombow,https://www.hakikatkirtasiye.com/marka/tombow
sdi,https://www.hakikatkirtasiye.com/marka/sdi
scotch,https://www.hakikatkirtasiye.com/marka/scotch
rubenis,https://www.hakikatkirtasiye.com/marka/rubenis
olfa,https://www.hakikatkirtasiye.com/marka/olfa
kraf,https://www.hakikatkirtasiye.com/marka/kraf
akar-kirtasiye,https://www.hakikatkirtasiye.com/marka/akar-kirtasiye
brons,https://www.hakikatkirtasiye.com/marka/brons
bruno,https://www.hakikatkirtasiye.com/marka/bruno
cem,https://www.hakikatkirtasiye.com/marka/cem
lets,https://www.hakikatkirtasiye.com/marka/lets
hakan-kirtasiye,https://www.hakikatkirtasiye.com/marka/hakan-kirtasiye
pattex,https://www.hakikatkirtasiye.com/marka/pattex
peligom,https://www.hakikatkirtasiye.com/marka/peligom
uhu,https://www.hakikatkirtasiye.com/marka/uhu
artline,https://www.hakikatkirtasiye.com/marka/artline
snowman,https://www.hakikatkirtasiye.com/marka/snowman
art-kids,https://www.hakikatkirtasiye.com/marka/art-kids
carioca,https://www.hakikatkirtasiye.com/marka/carioca
dolphin,https://www.hakikatkirtasiye.com/marka/dolphin
keskin-color,https://www.hakikatkirtasiye.com/marka/keskin-color
kraft-kids,https://www.hakikatkirtasiye.com/marka/kraft-kids
lino,https://www.hakikatkirtasiye.com/marka/lino
nova-color,https://www.hakikatkirtasiye.com/marka/nova-color
tiko,https://www.hakikatkirtasiye.com/marka/tiko
yamaha,https://www.hakikatkirtasiye.com/marka/yamaha
y-plus,https://www.hakikatkirtasiye.com/marka/y-plus
craft-arts-1,https://www.hakikatkirtasiye.com/marka/craft-arts-1
tanex,https://www.hakikatkirtasiye.com/marka/tanex
helvacioglu-1,https://www.hakikatkirtasiye.com/marka/helvacioglu-1
durex,https://www.hakikatkirtasiye.com/marka/durex
hoechler,https://www.hakikatkirtasiye.com/marka/hoechler
koechler,https://www.hakikatkirtasiye.com/marka/koechler
mopak,https://www.hakikatkirtasiye.com/marka/mopak
ediz-kagit,https://www.hakikatkirtasiye.com/marka/ediz-kagit
milaj,https://www.hakikatkirtasiye.com/marka/milaj
bristol,https://www.hakikatkirtasiye.com/marka/bristol
kuse,https://www.hakikatkirtasiye.com/marka/kuse
kraft,https://www.hakikatkirtasiye.com/marka/kraft
cinar,https://www.hakikatkirtasiye.com/marka/cinar
notte,https://www.hakikatkirtasiye.com/marka/notte
mynote,https://www.hakikatkirtasiye.com/marka/mynote
milan,https://www.hakikatkirtasiye.com/marka/milan
bu-bu,https://www.hakikatkirtasiye.com/marka/bu-bu
fatih,https://www.hakikatkirtasiye.com/marka/fatih
ginza,https://www.hakikatkirtasiye.com/marka/ginza
magnum,https://www.hakikatkirtasiye.com/marka/magnum
jovi,https://www.hakikatkirtasiye.com/marka/jovi
dong-a,https://www.hakikatkirtasiye.com/marka/dong-a
rio,https://www.hakikatkirtasiye.com/marka/rio
monalisa,https://www.hakikatkirtasiye.com/marka/monalisa
pensan,https://www.hakikatkirtasiye.com/marka/pensan
pilot,https://www.hakikatkirtasiye.com/marka/pilot
sapanca,https://www.hakikatkirtasiye.com/marka/sapanca
diger,https://www.hakikatkirtasiye.com/marka/diger
test,https://www.hakikatkirtasiye.com/marka/test
montana,https://www.hakikatkirtasiye.com/marka/montana
murano,https://www.hakikatkirtasiye.com/marka/murano
art-elegant,https://www.hakikatkirtasiye.com/marka/art-elegant
mercury,https://www.hakikatkirtasiye.com/marka/mercury
casio,https://www.hakikatkirtasiye.com/marka/casio
lenco,https://www.hakikatkirtasiye.com/marka/lenco
superior,https://www.hakikatkirtasiye.com/marka/superior
tigel,https://www.hakikatkirtasiye.com/marka/tigel
good,https://www.hakikatkirtasiye.com/marka/good
bianyo,https://www.hakikatkirtasiye.com/marka/bianyo
afra,https://www.hakikatkirtasiye.com/marka/afra
panda,https://www.hakikatkirtasiye.com/marka/panda
abka,https://www.hakikatkirtasiye.com/marka/abka
dilman,https://www.hakikatkirtasiye.com/marka/dilman
edding,https://www.hakikatkirtasiye.com/marka/edding
marvy,https://www.hakikatkirtasiye.com/marka/marvy
scriks,https://www.hakikatkirtasiye.com/marka/scriks
alpino,https://www.hakikatkirtasiye.com/marka/alpino
pelikan,https://www.hakikatkirtasiye.com/marka/pelikan
monami,https://www.hakikatkirtasiye.com/marka/monami
gipta,https://www.hakikatkirtasiye.com/marka/gipta
schoeller,https://www.hakikatkirtasiye.com/marka/schoeller
art-istanbul,https://www.hakikatkirtasiye.com/marka/art-istanbul
das,https://www.hakikatkirtasiye.com/marka/das
keep-smiling,https://www.hakikatkirtasiye.com/marka/keep-smiling
odak,https://www.hakikatkirtasiye.com/marka/odak
ceo-art,https://www.hakikatkirtasiye.com/marka/ceo-art
isra,https://www.hakikatkirtasiye.com/marka/isra
luna,https://www.hakikatkirtasiye.com/marka/luna
yucel,https://www.hakikatkirtasiye.com/marka/yucel
cretacolor,https://www.hakikatkirtasiye.com/marka/cretacolor
creall,https://www.hakikatkirtasiye.com/marka/creall
shinhanart,https://www.hakikatkirtasiye.com/marka/shinhanart
staedtler,https://www.hakikatkirtasiye.com/marka/staedtler
giorgione,https://www.hakikatkirtasiye.com/marka/giorgione
artart,https://www.hakikatkirtasiye.com/marka/artart
staedtler-1,https://www.hakikatkirtasiye.com/marka/staedtler-1
artscholar,https://www.hakikatkirtasiye.com/marka/artscholar
bayindir,https://www.hakikatkirtasiye.com/marka/bayindir
ghiant,https://www.hakikatkirtasiye.com/marka/ghiant
dytac,https://www.hakikatkirtasiye.com/marka/dytac
adel,https://www.hakikatkirtasiye.com/marka/adel
kores,https://www.hakikatkirtasiye.com/marka/kores
lucky-prince,https://www.hakikatkirtasiye.com/marka/lucky-prince
3m,https://www.hakikatkirtasiye.com/marka/3m
bback,https://www.hakikatkirtasiye.com/marka/bback
karin,https://www.hakikatkirtasiye.com/marka/karin
aristo,https://www.hakikatkirtasiye.com/marka/aristo
louis-tape,https://www.hakikatkirtasiye.com/marka/louis-tape
sinbad,https://www.hakikatkirtasiye.com/marka/sinbad
linea,https://www.hakikatkirtasiye.com/marka/linea
gbp,https://www.hakikatkirtasiye.com/marka/gbp
san,https://www.hakikatkirtasiye.com/marka/san
monopol,https://www.hakikatkirtasiye.com/marka/monopol
robercolor,https://www.hakikatkirtasiye.com/marka/robercolor
sharpie,https://www.hakikatkirtasiye.com/marka/sharpie
dogus,https://www.hakikatkirtasiye.com/marka/dogus
sekil,https://www.hakikatkirtasiye.com/marka/sekil
par,https://www.hakikatkirtasiye.com/marka/par
mijello,https://www.hakikatkirtasiye.com/marka/mijello
darwi,https://www.hakikatkirtasiye.com/marka/darwi
argiles-bisbal,https://www.hakikatkirtasiye.com/marka/argiles-bisbal
yk-model,https://www.hakikatkirtasiye.com/marka/yk-model
hi-text,https://www.hakikatkirtasiye.com/marka/hi-text
eshel,https://www.hakikatkirtasiye.com/marka/eshel
edico,https://www.hakikatkirtasiye.com/marka/edico
funny-kids,https://www.hakikatkirtasiye.com/marka/funny-kids
inkilab,https://www.hakikatkirtasiye.com/marka/inkilab
mandala,https://www.hakikatkirtasiye.com/marka/mandala
memory,https://www.hakikatkirtasiye.com/marka/memory
bay-tec,https://www.hakikatkirtasiye.com/marka/bay-tec
fivestar,https://www.hakikatkirtasiye.com/marka/fivestar
corot,https://www.hakikatkirtasiye.com/marka/corot
kumtoys,https://www.hakikatkirtasiye.com/marka/kumtoys
factory-genuine,https://www.hakikatkirtasiye.com/marka/factory-genuine
essdee,https://www.hakikatkirtasiye.com/marka/essdee
okutan-hobi,https://www.hakikatkirtasiye.com/marka/okutan-hobi
beijiaer,https://www.hakikatkirtasiye.com/marka/beijiaer
fabriano,https://www.hakikatkirtasiye.com/marka/fabriano
liz,https://www.hakikatkirtasiye.com/marka/liz
nara,https://www.hakikatkirtasiye.com/marka/nara
duracell,https://www.hakikatkirtasiye.com/marka/duracell
energizer,https://www.hakikatkirtasiye.com/marka/energizer
manuscript,https://www.hakikatkirtasiye.com/marka/manuscript
caretta,https://www.hakikatkirtasiye.com/marka/caretta
apel,https://www.hakikatkirtasiye.com/marka/apel
hakikat,https://www.hakikatkirtasiye.com/marka/hakikat
diy,https://www.hakikatkirtasiye.com/marka/diy
bhboy,https://www.hakikatkirtasiye.com/marka/bhboy
kwoks,https://www.hakikatkirtasiye.com/marka/kwoks
monart-1,https://www.hakikatkirtasiye.com/marka/monart-1
vege,https://www.hakikatkirtasiye.com/marka/vege
deffter,https://www.hakikatkirtasiye.com/marka/deffter
deluxe,https://www.hakikatkirtasiye.com/marka/deluxe
desen,https://www.hakikatkirtasiye.com/marka/desen
doms,https://www.hakikatkirtasiye.com/marka/doms
engross,https://www.hakikatkirtasiye.com/marka/engross
eltos,https://www.hakikatkirtasiye.com/marka/eltos
esco,https://www.hakikatkirtasiye.com/marka/esco
esel,https://www.hakikatkirtasiye.com/marka/esel
evobond,https://www.hakikatkirtasiye.com/marka/evobond
goldfinger,https://www.hakikatkirtasiye.com/marka/goldfinger
grafo,https://www.hakikatkirtasiye.com/marka/grafo
gripex,https://www.hakikatkirtasiye.com/marka/gripex
guterman,https://www.hakikatkirtasiye.com/marka/guterman
iomega,https://www.hakikatkirtasiye.com/marka/iomega
jinhao,https://www.hakikatkirtasiye.com/marka/jinhao
kanaat-yayinlari,https://www.hakikatkirtasiye.com/marka/kanaat-yayinlari
lades,https://www.hakikatkirtasiye.com/marka/lades
langenscheidt,https://www.hakikatkirtasiye.com/marka/langenscheidt
max,https://www.hakikatkirtasiye.com/marka/max
mont-marte,https://www.hakikatkirtasiye.com/marka/mont-marte
niceday,https://www.hakikatkirtasiye.com/marka/niceday
noki,https://www.hakikatkirtasiye.com/marka/noki
red-apple,https://www.hakikatkirtasiye.com/marka/red-apple
smarta,https://www.hakikatkirtasiye.com/marka/smarta
ticon,https://www.hakikatkirtasiye.com/marka/ticon
tokyo,https://www.hakikatkirtasiye.com/marka/tokyo
van-dyck,https://www.hakikatkirtasiye.com/marka/van-dyck
yalcin-aluminyum,https://www.hakikatkirtasiye.com/marka/yalcin-aluminyum
altin-kitaplari,https://www.hakikatkirtasiye.com/marka/altin-kitaplari
arrow,https://www.hakikatkirtasiye.com/marka/arrow
bb-ticaret,https://www.hakikatkirtasiye.com/marka/bb-ticaret
iskele-yayincilik,https://www.hakikatkirtasiye.com/marka/iskele-yayincilik
karatay-yayinlari,https://www.hakikatkirtasiye.com/marka/karatay-yayinlari
nurdan-yayinlari,https://www.hakikatkirtasiye.com/marka/nurdan-yayinlari
ozyurek-yayinlari,https://www.hakikatkirtasiye.com/marka/ozyurek-yayinlari
redhouse,https://www.hakikatkirtasiye.com/marka/redhouse
texion,https://www.hakikatkirtasiye.com/marka/texion
aihao,https://www.hakikatkirtasiye.com/marka/aihao
caslo,https://www.hakikatkirtasiye.com/marka/caslo
dixon,https://www.hakikatkirtasiye.com/marka/dixon
panfix,https://www.hakikatkirtasiye.com/marka/panfix
zebra,https://www.hakikatkirtasiye.com/marka/zebra
windy-window,https://www.hakikatkirtasiye.com/marka/windy-window
hkn,https://www.hakikatkirtasiye.com/marka/hkn
kbag,https://www.hakikatkirtasiye.com/marka/kbag
umit-canta,https://www.hakikatkirtasiye.com/marka/umit-canta
my-polo,https://www.hakikatkirtasiye.com/marka/my-polo
speco,https://www.hakikatkirtasiye.com/marka/speco
us-polo,https://www.hakikatkirtasiye.com/marka/us-polo
yaygan,https://www.hakikatkirtasiye.com/marka/yaygan
cambridge-polo,https://www.hakikatkirtasiye.com/marka/cambridge-polo
kbag-1,https://www.hakikatkirtasiye.com/marka/kbag-1
ema-kitap,https://www.hakikatkirtasiye.com/marka/ema-kitap
sim,https://www.hakikatkirtasiye.com/marka/sim
aker,https://www.hakikatkirtasiye.com/marka/aker
uni-note,https://www.hakikatkirtasiye.com/marka/uni-note
rapid,https://www.hakikatkirtasiye.com/marka/rapid
tigra,https://www.hakikatkirtasiye.com/marka/tigra
twilight,https://www.hakikatkirtasiye.com/marka/twilight
setler,https://www.hakikatkirtasiye.com/marka/setler
diamond,https://www.hakikatkirtasiye.com/marka/diamond
kissho-gansai,https://www.hakikatkirtasiye.com/marka/kissho-gansai
ark,https://www.hakikatkirtasiye.com/marka/ark
golden-eagle,https://www.hakikatkirtasiye.com/marka/golden-eagle
litlies,https://www.hakikatkirtasiye.com/marka/litlies
umix,https://www.hakikatkirtasiye.com/marka/umix
yiming,https://www.hakikatkirtasiye.com/marka/yiming
rama,https://www.hakikatkirtasiye.com/marka/rama
jian-pai,https://www.hakikatkirtasiye.com/marka/jian-pai
graph,https://www.hakikatkirtasiye.com/marka/graph
liebe,https://www.hakikatkirtasiye.com/marka/liebe
peffi,https://www.hakikatkirtasiye.com/marka/peffi
sema,https://www.hakikatkirtasiye.com/marka/sema
art,https://www.hakikatkirtasiye.com/marka/art
toyo,https://www.hakikatkirtasiye.com/marka/toyo
sun-chemical,https://www.hakikatkirtasiye.com/marka/sun-chemical
ati,https://www.hakikatkirtasiye.com/marka/ati
mead-academie,https://www.hakikatkirtasiye.com/marka/mead-academie
dymo,https://www.hakikatkirtasiye.com/marka/dymo
hp,https://www.hakikatkirtasiye.com/marka/hp
simge,https://www.hakikatkirtasiye.com/marka/simge
kubbealti-yayinlari,https://www.hakikatkirtasiye.com/marka/kubbealti-yayinlari
laufer,https://www.hakikatkirtasiye.com/marka/laufer
marabu,https://www.hakikatkirtasiye.com/marka/marabu
del-rey,https://www.hakikatkirtasiye.com/marka/del-rey
lotte,https://www.hakikatkirtasiye.com/marka/lotte
lefranc-bourgeois,https://www.hakikatkirtasiye.com/marka/lefranc-bourgeois
tdk,https://www.hakikatkirtasiye.com/marka/tdk
jordania,https://www.hakikatkirtasiye.com/marka/jordania
rhodia,https://www.hakikatkirtasiye.com/marka/rhodia
daxi,https://www.hakikatkirtasiye.com/marka/daxi
decomor,https://www.hakikatkirtasiye.com/marka/decomor
bruno-visconti,https://www.hakikatkirtasiye.com/marka/bruno-visconti
aquacool,https://www.hakikatkirtasiye.com/marka/aquacool
navigator,https://www.hakikatkirtasiye.com/marka/navigator
allcopy,https://www.hakikatkirtasiye.com/marka/allcopy
rumold,https://www.hakikatkirtasiye.com/marka/rumold
arma,https://www.hakikatkirtasiye.com/marka/arma
somafix,https://www.hakikatkirtasiye.com/marka/somafix
neon-plus,https://www.hakikatkirtasiye.com/marka/neon-plus
silka,https://www.hakikatkirtasiye.com/marka/silka
yosof-abzar,https://www.hakikatkirtasiye.com/marka/yosof-abzar
sibax,https://www.hakikatkirtasiye.com/marka/sibax
daiso,https://www.hakikatkirtasiye.com/marka/daiso
saip,https://www.hakikatkirtasiye.com/marka/saip
arrtx,https://www.hakikatkirtasiye.com/marka/arrtx
miart,https://www.hakikatkirtasiye.com/marka/miart
sumirekobo,https://www.hakikatkirtasiye.com/marka/sumirekobo
languo,https://www.hakikatkirtasiye.com/marka/languo
finetec,https://www.hakikatkirtasiye.com/marka/finetec
citizen,https://www.hakikatkirtasiye.com/marka/citizen
studi,https://www.hakikatkirtasiye.com/marka/studi
lit,https://www.hakikatkirtasiye.com/marka/lit
do-angoshti,https://www.hakikatkirtasiye.com/marka/do-angoshti
art-plus,https://www.hakikatkirtasiye.com/marka/art-plus
drawme,https://www.hakikatkirtasiye.com/marka/drawme
tenwin,https://www.hakikatkirtasiye.com/marka/tenwin
kalour,https://www.hakikatkirtasiye.com/marka/kalour
masis,https://www.hakikatkirtasiye.com/marka/masis
lotory,https://www.hakikatkirtasiye.com/marka/lotory
bozyel,https://www.hakikatkirtasiye.com/marka/bozyel
dazzle,https://www.hakikatkirtasiye.com/marka/dazzle
deli,https://www.hakikatkirtasiye.com/marka/deli
nine-sea,https://www.hakikatkirtasiye.com/marka/nine-sea
my-dido,https://www.hakikatkirtasiye.com/marka/my-dido
mitreapel,https://www.hakikatkirtasiye.com/marka/mitreapel
viktoria,https://www.hakikatkirtasiye.com/marka/viktoria
zizu,https://www.hakikatkirtasiye.com/marka/zizu
ant,https://www.hakikatkirtasiye.com/marka/ant
freed,https://www.hakikatkirtasiye.com/marka/freed
mitsubishi,https://www.hakikatkirtasiye.com/marka/mitsubishi
projecta,https://www.hakikatkirtasiye.com/marka/projecta
elba,https://www.hakikatkirtasiye.com/marka/elba
yildiz,https://www.hakikatkirtasiye.com/marka/yildiz
demir-ali-kurtulmus,https://www.hakikatkirtasiye.com/marka/demir-ali-kurtulmus
pagos,https://www.hakikatkirtasiye.com/marka/pagos
conta-a-paris,https://www.hakikatkirtasiye.com/marka/conta-a-paris
artzone,https://www.hakikatkirtasiye.com/marka/artzone
watercolorist,https://www.hakikatkirtasiye.com/marka/watercolorist
color-note,https://www.hakikatkirtasiye.com/marka/color-note
gateway,https://www.hakikatkirtasiye.com/marka/gateway
arya,https://www.hakikatkirtasiye.com/marka/arya
tulip,https://www.hakikatkirtasiye.com/marka/tulip
altis,https://www.hakikatkirtasiye.com/marka/altis
chren,https://www.hakikatkirtasiye.com/marka/chren
sunman,https://www.hakikatkirtasiye.com/marka/sunman
asya-oyuncak,https://www.hakikatkirtasiye.com/marka/asya-oyuncak
standardgraph,https://www.hakikatkirtasiye.com/marka/standardgraph
keen,https://www.hakikatkirtasiye.com/marka/keen
clementoni,https://www.hakikatkirtasiye.com/marka/clementoni
art-walker,https://www.hakikatkirtasiye.com/marka/art-walker
wateman,https://www.hakikatkirtasiye.com/marka/wateman
art-x,https://www.hakikatkirtasiye.com/marka/art-x
tigertint,https://www.hakikatkirtasiye.com/marka/tigertint
kum,https://www.hakikatkirtasiye.com/marka/kum
munhwa,https://www.hakikatkirtasiye.com/marka/munhwa
dezozo,https://www.hakikatkirtasiye.com/marka/dezozo
akos,https://www.hakikatkirtasiye.com/marka/akos
ente,https://www.hakikatkirtasiye.com/marka/ente
penmark,https://www.hakikatkirtasiye.com/marka/penmark
enzo,https://www.hakikatkirtasiye.com/marka/enzo
abig,https://www.hakikatkirtasiye.com/marka/abig
parrot,https://www.hakikatkirtasiye.com/marka/parrot
kaimei,https://www.hakikatkirtasiye.com/marka/kaimei
cizmeli,https://www.hakikatkirtasiye.com/marka/cizmeli
onyx,https://www.hakikatkirtasiye.com/marka/onyx
abadi-sanat,https://www.hakikatkirtasiye.com/marka/abadi-sanat
rimano,https://www.hakikatkirtasiye.com/marka/rimano
lale-sanat,https://www.hakikatkirtasiye.com/marka/lale-sanat
pan-pastel,https://www.hakikatkirtasiye.com/marka/pan-pastel
toystoyz,https://www.hakikatkirtasiye.com/marka/toystoyz
toy-color,https://www.hakikatkirtasiye.com/marka/toy-color
etedal,https://www.hakikatkirtasiye.com/marka/etedal
texco,https://www.hakikatkirtasiye.com/marka/texco
himi,https://www.hakikatkirtasiye.com/marka/himi
buket,https://www.hakikatkirtasiye.com/marka/buket
puti,https://www.hakikatkirtasiye.com/marka/puti
parker,https://www.hakikatkirtasiye.com/marka/parker
cengo,https://www.hakikatkirtasiye.com/marka/cengo
art-liva,https://www.hakikatkirtasiye.com/marka/art-liva
next,https://www.hakikatkirtasiye.com/marka/next
serve,https://www.hakikatkirtasiye.com/marka/serve
pin,https://www.hakikatkirtasiye.com/marka/pin
oxiro,https://www.hakikatkirtasiye.com/marka/oxiro
tingertint,https://www.hakikatkirtasiye.com/marka/tingertint
