type,url
static,https://www.hakikatkirtasiye.com
static,https://www.hakikatkirtasiye.com/indirimli-urunler
static,https://www.hakikatkirtasiye.com/yeni-urunler
static,https://www.hakikatkirtasiye.com/sponsor-urunler
static,https://www.hakikatkirtasiye.com/populer-urunler
static,https://www.hakikatkirtasiye.com/kategoriler
static,https://www.hakikatkirtasiye.com/markalar
static,https://www.hakikatkirtasiye.com/iletisim
static,https://www.hakikatkirtasiye.com/blog
static,https://www.hakikatkirtasiye.com/sayfalar
static,https://www.hakikatkirtasiye.com/haberler
static,https://www.hakikatkirtasiye.com/sayfa/mesafeli-satis-sozlesmesi
static,https://www.hakikatkirtasiye.com/sayfa/gizlilik-ve-guvenlik
static,https://www.hakikatkirtasiye.com/sayfa/iptal-ve-iade-sartlari
static,https://www.hakikatkirtasiye.com/sayfa/kisisel-veriler-politikasi
static,https://www.hakikatkirtasiye.com/sayfa/hakkimizda
static,https://www.hakikatkirtasiye.com/sayfa/iletisim-bilgileri
static,https://www.hakikatkirtasiye.com/sayfa/hesap-numaralarimiz
static,https://www.hakikatkirtasiye.com/sayfa/kargo-politikasi
static,https://www.hakikatkirtasiye.com/sayfa/kargom-nerede
static,https://www.hakikatkirtasiye.com/sayfa/bayilerimiz
static,https://www.hakikatkirtasiye.com/paket/deneme
static,https://www.hakikatkirtasiye.com/paket/bback-3lu-set-kombini
static,https://www.hakikatkirtasiye.com/paket/yagli-boya
tag,https://www.hakikatkirtasiye.com/meta-etiket/van-gogh-yagli-boya
tag,https://www.hakikatkirtasiye.com/meta-etiket/van-gogh
tag,https://www.hakikatkirtasiye.com/meta-etiket/van-gogh-yagliboya
tag,https://www.hakikatkirtasiye.com/meta-etiket/yagliboya
tag,https://www.hakikatkirtasiye.com/meta-etiket/yagli-boya
tag,https://www.hakikatkirtasiye.com/meta-etiket/ucuz-yagli-boya
tag,https://www.hakikatkirtasiye.com/meta-etiket/van-goh-yagli
tag,https://www.hakikatkirtasiye.com/meta-etiket/van-goh-yagli-boya
tag,https://www.hakikatkirtasiye.com/meta-etiket/vangoh-yagli-boya
tag,https://www.hakikatkirtasiye.com/meta-etiket/vangoh-boya
tag,https://www.hakikatkirtasiye.com/etiket/mimarisablon
blogCategory,https://www.hakikatkirtasiye.com/blog/kategori/genel
blogCategory,https://www.hakikatkirtasiye.com/blog/kategori/sanatsal-boyalar
blogPost,https://www.hakikatkirtasiye.com/blog/icerik/yagli-boya-sanati
blogPost,https://www.hakikatkirtasiye.com/blog/icerik/akrilik-boya-sanati
blogPost,https://www.hakikatkirtasiye.com/blog/icerik/kumas-boyasi-nasil-yapilir
blogPost,https://www.hakikatkirtasiye.com/blog/icerik/pebeo-seramik-boyama
blogPost,https://www.hakikatkirtasiye.com/blog/icerik/ebru-boyasi
blogPost,https://www.hakikatkirtasiye.com/blog/icerik/cam-boyasi
blogPost,https://www.hakikatkirtasiye.com/blog/icerik/porselen-boyasi
blogPost,https://www.hakikatkirtasiye.com/blog/icerik/art-elegant-akrilik-boya
blogPost,https://www.hakikatkirtasiye.com/blog/icerik/firca-ucu-sekilleri
blogPost,https://www.hakikatkirtasiye.com/blog/icerik/rapido-kalemlerin-kullanimi-bakimi-ve-secim-kriterleri
blogPost,https://www.hakikatkirtasiye.com/blog/icerik/internet-adreslerimiz
blogPost,https://www.hakikatkirtasiye.com/blog/icerik/suluboya-tekniginde-drying-shift-kuruma-farki-fenomeninin-analizi-ve-yonetimi
blogPost,https://www.hakikatkirtasiye.com/blog/icerik/geleneksel-sanatlarin-parlayan-imzasi-muhre-nedir
blogPost,https://www.hakikatkirtasiye.com/blog/icerik/ecoline-ile-islak-ustune-islak-isiltili-kalp-yapimi
blogPost,https://www.hakikatkirtasiye.com/blog/icerik/art-elegant-dogal-seramik-hamuru-kusursuz-uygulama-rehberi-1
blogPost,https://www.hakikatkirtasiye.com/blog/icerik/teknik-ogrenciler-icin-kategoriler
blogTag,https://www.hakikatkirtasiye.com/blog/etiket/akrilik-boya-nasil-yapilir
